{
  "condition": "minecraft:any_of",
  "terms": [
    {
      "condition": "minecraft:entity_properties",
      "entity": "this",
      "predicate": {
        "equipment": {
          "feet": {
            "tag": "dynlight:medium_light_emitters"
          }
        }
      }
    },
	{
      "condition": "minecraft:entity_properties",
      "entity": "this",
      "predicate": {
        "equipment": {
          "feet": {
            "nbt": "{dynlightLevel:\"medium\"}"
          }
        }
      }
    }
  ]
}